<!-- 
	Created by Aviv Yaish
	Plays nicely with dark themes such as Npp-1-Dark
	https://github.com/60ss/Npp-1-Dark
-->
<NotepadPlus>
    <UserLang name="HDL" ext="hdl" udlVersion="2.1">
        <Settings>
            <Global caseIgnored="yes" allowFoldOfComments="yes" foldCompact="no" forcePureLC="0" decimalSeparator="0" />
            <Prefix Keywords1="no" Keywords2="no" Keywords3="no" Keywords4="no" Keywords5="no" Keywords6="no" Keywords7="no" Keywords8="no" />
        </Settings>
        <KeywordLists>
            <Keywords name="Comments">00// 01 02 03/* 03/** 04*/</Keywords>
            <Keywords name="Numbers, prefix1"></Keywords>
            <Keywords name="Numbers, prefix2"></Keywords>
            <Keywords name="Numbers, extras1"></Keywords>
            <Keywords name="Numbers, extras2"></Keywords>
            <Keywords name="Numbers, suffix1"></Keywords>
            <Keywords name="Numbers, suffix2"></Keywords>
            <Keywords name="Numbers, range"></Keywords>
            <Keywords name="Operators1">( ) [ ] , ; = ..</Keywords>
            <Keywords name="Operators2"></Keywords>
            <Keywords name="Folders in code1, open">{</Keywords>
            <Keywords name="Folders in code1, middle"></Keywords>
            <Keywords name="Folders in code1, close">}</Keywords>
            <Keywords name="Folders in code2, open">PARTS:</Keywords>
            <Keywords name="Folders in code2, middle"></Keywords>
            <Keywords name="Folders in code2, close">}</Keywords>
            <Keywords name="Folders in comment, open">/**</Keywords>
            <Keywords name="Folders in comment, middle"></Keywords>
            <Keywords name="Folders in comment, close">*/</Keywords>
            <Keywords name="Keywords1">IN &#x000D;&#x000A;OUT</Keywords>
            <Keywords name="Keywords2">PARTS:</Keywords>
            <Keywords name="Keywords3">true&#x000D;&#x000A;false</Keywords>
            <Keywords name="Keywords4">CHIP</Keywords>
            <Keywords name="Keywords5"></Keywords>
            <Keywords name="Keywords6"></Keywords>
            <Keywords name="Keywords7"></Keywords>
            <Keywords name="Keywords8"></Keywords>
            <Keywords name="Delimiters"></Keywords>
        </KeywordLists>
        <Styles>
            <WordsStyle name="DEFAULT" fgColor="ABB2BF" bgColor="FFFFFF" colorStyle="1" fontStyle="0" nesting="0" />
            <WordsStyle name="COMMENTS" fgColor="008000" bgColor="FFFFFF" colorStyle="1" fontStyle="0" nesting="0" />
            <WordsStyle name="LINE COMMENTS" fgColor="008000" bgColor="FFFFFF" colorStyle="1" fontStyle="0" nesting="0" />
            <WordsStyle name="NUMBERS" fgColor="E06C75" bgColor="FFFFFF" colorStyle="1" fontStyle="0" nesting="0" />
            <WordsStyle name="KEYWORDS1" fgColor="66B3FF" bgColor="FFFFFF" colorStyle="1" fontStyle="0" nesting="0" />
            <WordsStyle name="KEYWORDS2" fgColor="66B3FF" bgColor="FFFFFF" colorStyle="1" fontStyle="0" nesting="0" />
            <WordsStyle name="KEYWORDS3" fgColor="E06C75" bgColor="FFFFFF" colorStyle="1" fontStyle="0" nesting="0" />
            <WordsStyle name="KEYWORDS4" fgColor="0080FF" bgColor="FFFFFF" colorStyle="1" fontStyle="1" nesting="0" />
            <WordsStyle name="KEYWORDS5" fgColor="000000" bgColor="FFFFFF" fontStyle="0" nesting="0" />
            <WordsStyle name="KEYWORDS6" fgColor="000000" bgColor="FFFFFF" fontStyle="0" nesting="0" />
            <WordsStyle name="KEYWORDS7" fgColor="000000" bgColor="FFFFFF" fontStyle="0" nesting="0" />
            <WordsStyle name="KEYWORDS8" fgColor="000000" bgColor="FFFFFF" fontStyle="0" nesting="0" />
            <WordsStyle name="OPERATORS" fgColor="D19A66" bgColor="FFFFFF" colorStyle="1" fontStyle="0" nesting="0" />
            <WordsStyle name="FOLDER IN CODE1" fgColor="E06C75" bgColor="FFFFFF" colorStyle="1" fontStyle="0" nesting="0" />
            <WordsStyle name="FOLDER IN CODE2" fgColor="0080FF" bgColor="FFFFFF" colorStyle="1" fontStyle="0" nesting="0" />
            <WordsStyle name="FOLDER IN COMMENT" fgColor="008000" bgColor="FFFFFF" colorStyle="1" fontStyle="0" nesting="0" />
            <WordsStyle name="DELIMITERS1" fgColor="000000" bgColor="FFFFFF" fontStyle="0" nesting="0" />
            <WordsStyle name="DELIMITERS2" fgColor="000000" bgColor="FFFFFF" fontStyle="0" nesting="0" />
            <WordsStyle name="DELIMITERS3" fgColor="000000" bgColor="FFFFFF" fontStyle="0" nesting="0" />
            <WordsStyle name="DELIMITERS4" fgColor="000000" bgColor="FFFFFF" fontStyle="0" nesting="0" />
            <WordsStyle name="DELIMITERS5" fgColor="000000" bgColor="FFFFFF" fontStyle="0" nesting="0" />
            <WordsStyle name="DELIMITERS6" fgColor="000000" bgColor="FFFFFF" fontStyle="0" nesting="0" />
            <WordsStyle name="DELIMITERS7" fgColor="000000" bgColor="FFFFFF" fontStyle="0" nesting="0" />
            <WordsStyle name="DELIMITERS8" fgColor="000000" bgColor="FFFFFF" fontStyle="0" nesting="0" />
        </Styles>
    </UserLang>
</NotepadPlus>
