<!-- 
	Created by Aviv Yaish
	Plays nicely with dark themes such as Npp-1-Dark
	https://github.com/60ss/Npp-1-Dark
-->
<NotepadPlus>
    <UserLang name="Jack" ext="jack" udlVersion="2.1">
        <Settings>
            <Global caseIgnored="yes" allowFoldOfComments="yes" foldCompact="no" forcePureLC="0" decimalSeparator="0" />
            <Prefix Keywords1="no" Keywords2="no" Keywords3="no" Keywords4="no" Keywords5="yes" Keywords6="no" Keywords7="yes" Keywords8="no" />
        </Settings>
        <KeywordLists>
            <Keywords name="Comments">00// 01 02((EOL)) 03/* 03/** 04*/</Keywords>
            <Keywords name="Numbers, prefix1"></Keywords>
            <Keywords name="Numbers, prefix2"></Keywords>
            <Keywords name="Numbers, extras1"></Keywords>
            <Keywords name="Numbers, extras2"></Keywords>
            <Keywords name="Numbers, suffix1"></Keywords>
            <Keywords name="Numbers, suffix2"></Keywords>
            <Keywords name="Numbers, range"></Keywords>
            <Keywords name="Operators1">- ~ = , ; . ( )</Keywords>
            <Keywords name="Operators2">+ - * / &amp; | ~ &lt; &gt;</Keywords>
            <Keywords name="Folders in code1, open"></Keywords>
            <Keywords name="Folders in code1, middle"></Keywords>
            <Keywords name="Folders in code1, close"></Keywords>
            <Keywords name="Folders in code2, open"></Keywords>
            <Keywords name="Folders in code2, middle"></Keywords>
            <Keywords name="Folders in code2, close"></Keywords>
            <Keywords name="Folders in comment, open"></Keywords>
            <Keywords name="Folders in comment, middle"></Keywords>
            <Keywords name="Folders in comment, close"></Keywords>
            <Keywords name="Keywords1">class</Keywords>
            <Keywords name="Keywords2">constructor&#x000D;&#x000A;function&#x000D;&#x000A;method</Keywords>
            <Keywords name="Keywords3">var&#x000D;&#x000A;static&#x000D;&#x000A;field</Keywords>
            <Keywords name="Keywords4">int&#x000D;&#x000A;boolean&#x000D;&#x000A;char&#x000D;&#x000A;void</Keywords>
            <Keywords name="Keywords5">let&#x000D;&#x000A;do&#x000D;&#x000A;if&#x000D;&#x000A;else&#x000D;&#x000A;while&#x000D;&#x000A;return</Keywords>
            <Keywords name="Keywords6">true&#x000D;&#x000A;false&#x000D;&#x000A;null</Keywords>
            <Keywords name="Keywords7">this</Keywords>
            <Keywords name="Keywords8"></Keywords>
            <Keywords name="Delimiters">00{([ 01 02})] 03&quot; 03&apos; 04\&quot; 04\&apos; 05&quot; 05&apos; 06 07 08 09 10 11 12 13 14 15 16 17 18 19 20 21 22 23</Keywords>
        </KeywordLists>
        <Styles>
            <WordsStyle name="DEFAULT" fgColor="ABB2BF" bgColor="FFFFFF" colorStyle="1" fontStyle="0" nesting="0" />
            <WordsStyle name="COMMENTS" fgColor="008000" bgColor="FFFFFF" colorStyle="1" fontStyle="0" nesting="0" />
            <WordsStyle name="LINE COMMENTS" fgColor="008000" bgColor="FFFFFF" colorStyle="1" fontStyle="2" nesting="0" />
            <WordsStyle name="NUMBERS" fgColor="E06C75" bgColor="FFFFFF" colorStyle="1" fontStyle="0" nesting="0" />
            <WordsStyle name="KEYWORDS1" fgColor="D19A66" bgColor="FFFFFF" colorStyle="1" fontStyle="1" nesting="0" />
            <WordsStyle name="KEYWORDS2" fgColor="D19A66" bgColor="FFFFFF" colorStyle="1" fontStyle="1" nesting="0" />
            <WordsStyle name="KEYWORDS3" fgColor="D19A66" bgColor="FFFFFF" colorStyle="1" fontStyle="0" nesting="0" />
            <WordsStyle name="KEYWORDS4" fgColor="D19A66" bgColor="FFFFFF" colorStyle="1" fontStyle="1" nesting="0" />
            <WordsStyle name="KEYWORDS5" fgColor="56B6C2" bgColor="FFFFFF" colorStyle="1" fontStyle="1" nesting="0" />
            <WordsStyle name="KEYWORDS6" fgColor="66B3FF" bgColor="FFFFFF" colorStyle="1" fontStyle="1" nesting="0" />
            <WordsStyle name="KEYWORDS7" fgColor="56B6C2" bgColor="FFFFFF" colorStyle="1" fontStyle="0" nesting="0" />
            <WordsStyle name="KEYWORDS8" fgColor="000000" bgColor="FFFFFF" fontStyle="0" nesting="0" />
            <WordsStyle name="OPERATORS" fgColor="ABB2BF" bgColor="FFFFFF" colorStyle="1" fontStyle="0" nesting="0" />
            <WordsStyle name="FOLDER IN CODE1" fgColor="000000" bgColor="FFFFFF" colorStyle="1" fontStyle="0" nesting="0" />
            <WordsStyle name="FOLDER IN CODE2" fgColor="000000" bgColor="FFFFFF" colorStyle="1" fontStyle="0" nesting="0" />
            <WordsStyle name="FOLDER IN COMMENT" fgColor="008000" bgColor="FFFFFF" colorStyle="1" fontStyle="0" nesting="0" />
            <WordsStyle name="DELIMITERS1" fgColor="000000" bgColor="FFFFFF" colorStyle="1" fontStyle="0" nesting="0" />
            <WordsStyle name="DELIMITERS2" fgColor="349909" bgColor="FFFFFF" colorStyle="1" fontStyle="1" nesting="0" />
            <WordsStyle name="DELIMITERS3" fgColor="FF0080" bgColor="FFFFFF" fontStyle="0" nesting="0" />
            <WordsStyle name="DELIMITERS4" fgColor="000000" bgColor="FFFFFF" fontStyle="0" nesting="0" />
            <WordsStyle name="DELIMITERS5" fgColor="000000" bgColor="FFFFFF" fontStyle="0" nesting="0" />
            <WordsStyle name="DELIMITERS6" fgColor="000000" bgColor="FFFFFF" fontStyle="0" nesting="0" />
            <WordsStyle name="DELIMITERS7" fgColor="000000" bgColor="FFFFFF" fontStyle="0" nesting="0" />
            <WordsStyle name="DELIMITERS8" fgColor="000000" bgColor="FFFFFF" fontStyle="0" nesting="0" />
        </Styles>
    </UserLang>
</NotepadPlus>
