<!-- 
	Created by Aviv Yaish
	Plays nicely with dark themes such as Npp-1-Dark
	https://github.com/60ss/Npp-1-Dark
-->
<NotepadPlus>
    <UserLang name="VM" ext="vm" udlVersion="2.1">
        <Settings>
            <Global caseIgnored="yes" allowFoldOfComments="yes" foldCompact="no" forcePureLC="0" decimalSeparator="0" />
            <Prefix Keywords1="no" Keywords2="no" Keywords3="no" Keywords4="no" Keywords5="no" Keywords6="no" Keywords7="no" Keywords8="no" />
        </Settings>
        <KeywordLists>
            <Keywords name="Comments">00// 01 02 03/* 03/** 04*/</Keywords>
            <Keywords name="Numbers, prefix1"></Keywords>
            <Keywords name="Numbers, prefix2"></Keywords>
            <Keywords name="Numbers, extras1"></Keywords>
            <Keywords name="Numbers, extras2"></Keywords>
            <Keywords name="Numbers, suffix1"></Keywords>
            <Keywords name="Numbers, suffix2"></Keywords>
            <Keywords name="Numbers, range"></Keywords>
            <Keywords name="Operators1"></Keywords>
            <Keywords name="Operators2"></Keywords>
            <Keywords name="Folders in code1, open"></Keywords>
            <Keywords name="Folders in code1, middle"></Keywords>
            <Keywords name="Folders in code1, close"></Keywords>
            <Keywords name="Folders in code2, open"></Keywords>
            <Keywords name="Folders in code2, middle"></Keywords>
            <Keywords name="Folders in code2, close"></Keywords>
            <Keywords name="Folders in comment, open"></Keywords>
            <Keywords name="Folders in comment, middle"></Keywords>
            <Keywords name="Folders in comment, close"></Keywords>
            <Keywords name="Keywords1">function call return goto if-goto</Keywords>
            <Keywords name="Keywords2">add not sub lt gt eq or and neg</Keywords>
            <Keywords name="Keywords3">push pop</Keywords>
            <Keywords name="Keywords4">constant static pointer argument local this that temp</Keywords>
            <Keywords name="Keywords5">label</Keywords>
            <Keywords name="Keywords6"></Keywords>
            <Keywords name="Keywords7"></Keywords>
            <Keywords name="Keywords8"></Keywords>
            <Keywords name="Delimiters">00 01 02 03 04 05 06 07 08 09 10 11 12 13 14 15 16 17 18 19 20 21 22 23</Keywords>
        </KeywordLists>
        <Styles>
            <WordsStyle name="DEFAULT" fgColor="ABB2BF" bgColor="000000" colorStyle="1" fontStyle="0" nesting="0" />
            <WordsStyle name="COMMENTS" fgColor="008000" bgColor="000000" colorStyle="1" fontStyle="0" nesting="0" />
            <WordsStyle name="LINE COMMENTS" fgColor="008000" bgColor="000000" colorStyle="1" fontStyle="0" nesting="0" />
            <WordsStyle name="NUMBERS" fgColor="E06C75" bgColor="000000" colorStyle="1" fontStyle="0" nesting="0" />
            <WordsStyle name="KEYWORDS1" fgColor="0080FF" bgColor="FFFFFF" colorStyle="1" fontStyle="0" nesting="0" />
            <WordsStyle name="KEYWORDS2" fgColor="FFFF80" bgColor="000000" colorStyle="1" fontStyle="0" nesting="0" />
            <WordsStyle name="KEYWORDS3" fgColor="56B6C2" bgColor="000000" colorStyle="1" fontStyle="0" nesting="0" />
            <WordsStyle name="KEYWORDS4" fgColor="D19A66" bgColor="000000" colorStyle="1" fontStyle="0" nesting="0" />
            <WordsStyle name="KEYWORDS5" fgColor="80FF80" bgColor="000000" colorStyle="1" fontStyle="0" nesting="0" />
            <WordsStyle name="KEYWORDS6" fgColor="000000" bgColor="FFFFFF" fontStyle="0" nesting="0" />
            <WordsStyle name="KEYWORDS7" fgColor="000000" bgColor="FFFFFF" fontStyle="0" nesting="0" />
            <WordsStyle name="KEYWORDS8" fgColor="000000" bgColor="FFFFFF" fontStyle="0" nesting="0" />
            <WordsStyle name="OPERATORS" fgColor="FF8080" bgColor="000000" colorStyle="1" fontStyle="0" nesting="0" />
            <WordsStyle name="FOLDER IN CODE1" fgColor="FFFFFF" bgColor="000000" fontStyle="0" nesting="0" />
            <WordsStyle name="FOLDER IN CODE2" fgColor="FFFFFF" bgColor="000000" fontStyle="0" nesting="0" />
            <WordsStyle name="FOLDER IN COMMENT" fgColor="FFFFFF" bgColor="000000" fontStyle="0" nesting="0" />
            <WordsStyle name="DELIMITERS1" fgColor="8080FF" bgColor="000000" colorStyle="1" fontStyle="0" nesting="0" />
            <WordsStyle name="DELIMITERS2" fgColor="FFFFFF" bgColor="000000" fontStyle="0" nesting="0" />
            <WordsStyle name="DELIMITERS3" fgColor="FFFFFF" bgColor="000000" fontStyle="0" nesting="0" />
            <WordsStyle name="DELIMITERS4" fgColor="FFFFFF" bgColor="000000" fontStyle="0" nesting="0" />
            <WordsStyle name="DELIMITERS5" fgColor="FFFFFF" bgColor="000000" fontStyle="0" nesting="0" />
            <WordsStyle name="DELIMITERS6" fgColor="FFFFFF" bgColor="000000" fontStyle="0" nesting="0" />
            <WordsStyle name="DELIMITERS7" fgColor="FFFFFF" bgColor="000000" fontStyle="0" nesting="0" />
            <WordsStyle name="DELIMITERS8" fgColor="FFFFFF" bgColor="000000" fontStyle="0" nesting="0" />
        </Styles>
    </UserLang>
</NotepadPlus>
